image_number,x,y,z,roll,pith,yaw,j1,j2,j3,j4,j5,j6,j7
1,-0.648697,-0.082158,0.150742,0.890286,4.557404,138.307301,-0.194624,0.722924,-0.144937,-1.405834,0.02247,1.045659,-1.044785
2,-0.64869,-0.081761,0.149587,0.793792,4.57046,138.300534,-0.194624,0.724698,-0.144494,-1.405858,0.023141,1.045431,-1.044773
3,-0.64871,-0.081585,0.149284,0.768075,4.575316,138.284937,-0.194624,0.725141,-0.144182,-1.405834,0.023141,1.045419,-1.044773
4,-0.648729,-0.08143,0.149071,0.746851,4.576936,138.27181,-0.194648,0.725441,-0.143883,-1.405822,0.023141,1.045443,-1.044773
5,-0.648773,-0.081237,0.148924,0.731267,4.572267,138.256315,-0.194648,0.725621,-0.143535,-1.405834,0.023141,1.045419,-1.044761
6,-0.648827,-0.081031,0.148827,0.717457,4.565435,138.239171,-0.194636,0.725729,-0.143176,-1.405834,0.023141,1.045431,-1.044761
7,-0.648938,-0.080704,0.148769,0.702799,4.548455,138.211468,-0.194624,0.725753,-0.142589,-1.405834,0.023141,1.045431,-1.044773
8,-0.649091,-0.080435,0.14881,0.699328,4.52794,138.189037,-0.194612,0.725693,-0.142085,-1.405726,0.023141,1.045431,-1.044761
9,-0.649186,-0.08038,0.148939,0.70852,4.515027,138.184388,-0.194624,0.725537,-0.141941,-1.405618,0.023141,1.045431,-1.044749
10,-0.64926,-0.080415,0.14913,0.725463,4.504227,138.187675,-0.194624,0.725309,-0.141977,-1.40551,0.023153,1.045419,-1.044737
11,-0.649323,-0.080471,0.149383,0.746251,4.49226,138.190429,-0.194648,0.724962,-0.142013,-1.405438,0.023129,1.045419,-1.044749
12,-0.649367,-0.08051,0.149713,0.770239,4.476883,138.196496,-0.194636,0.724458,-0.142085,-1.40545,0.023141,1.045419,-1.044725
13,-0.649421,-0.080558,0.150131,0.80034,4.45759,138.200497,-0.194636,0.723811,-0.142145,-1.405474,0.023129,1.045419,-1.044737
14,-0.649449,-0.080696,0.15051,0.831264,4.444716,138.214152,-0.194648,0.72326,-0.142361,-1.405462,0.023129,1.045419,-1.044713
15,-0.649449,-0.080894,0.150913,0.865459,4.435475,138.229552,-0.194648,0.722673,-0.142696,-1.405474,0.023117,1.045419,-1.044737
16,-0.649411,-0.081121,0.15122,0.893402,4.43382,138.249031,-0.19466,0.722229,-0.14308,-1.405498,0.023093,1.045431,-1.044725
17,-0.649318,-0.08148,0.151481,0.927152,4.4464,138.271891,-0.19466,0.72187,-0.143667,-1.40551,0.022926,1.045419,-1.044725
18,-0.649119,-0.081998,0.151639,0.966134,4.485853,138.290439,-0.19466,0.72163,-0.144422,-1.405546,0.022374,1.045419,-1.044737
19,-0.64878,-0.08269,0.151672,0.989662,4.534462,138.343327,-0.194672,0.721606,-0.145668,-1.405726,0.022231,1.045431,-1.044737
20,-0.648259,-0.083445,0.151591,0.999882,4.597318,138.407291,-0.194672,0.721618,-0.147131,-1.406217,0.022147,1.045443,-1.044737
21,-0.647568,-0.084309,0.151422,1.000567,4.672384,138.48654,-0.194708,0.721642,-0.148832,-1.406996,0.022135,1.045431,-1.044737
22,-0.646749,-0.085108,0.15116,0.986837,4.755244,138.563259,-0.194696,0.721654,-0.150534,-1.408063,0.022135,1.045431,-1.044749
23,-0.645865,-0.085912,0.150863,0.971736,4.845725,138.636755,-0.194684,0.721642,-0.152224,-1.409249,0.022003,1.045419,-1.044749
24,-0.644828,-0.086728,0.150455,0.940475,4.945124,138.719382,-0.194708,0.721654,-0.153986,-1.410735,0.021943,1.045419,-1.044725
25,-0.643879,-0.087369,0.150046,0.904041,5.032826,138.786719,-0.194696,0.721678,-0.155472,-1.412161,0.021931,1.045419,-1.044737
26,-0.643016,-0.088002,0.149709,0.875066,5.113276,138.852603,-0.194696,0.721678,-0.156898,-1.41342,0.021919,1.045431,-1.044737
27,-0.642331,-0.088501,0.149421,0.852119,5.179014,138.90187,-0.194708,0.721702,-0.157988,-1.414414,0.021847,1.045431,-1.044737
28,-0.641714,-0.088936,0.149159,0.835066,5.242784,138.93598,-0.194708,0.721702,-0.158887,-1.415301,0.021595,1.045431,-1.044749
29,-0.641083,-0.089198,0.148818,0.801892,5.299838,138.962318,-0.194708,0.721714,-0.159534,-1.416356,0.02144,1.045419,-1.044749
30,-0.640433,-0.089394,0.148429,0.760571,5.358133,138.981662,-0.19472,0.72175,-0.16005,-1.41747,0.021248,1.045443,-1.044761
31,-0.639701,-0.089609,0.14796,0.722094,5.434751,138.986971,-0.19472,0.721798,-0.160493,-1.418693,0.020649,1.045443,-1.044749
32,-0.638883,-0.089871,0.147367,0.683143,5.532999,138.980002,-0.194708,0.721966,-0.160924,-1.419975,0.019678,1.045443,-1.044737
33,-0.637966,-0.090244,0.14674,0.656344,5.65789,138.95253,-0.194732,0.722073,-0.161296,-1.421329,0.018048,1.045443,-1.044749
34,-0.637016,-0.090549,0.146023,0.628107,5.795053,138.904798,-0.19472,0.722229,-0.161476,-1.422743,0.016071,1.045431,-1.044749
35,-0.63606,-0.090742,0.145304,0.574616,5.906606,138.885515,-0.194708,0.722409,-0.161775,-1.424313,0.014908,1.045443,-1.044749
36,-0.635051,-0.090793,0.144561,0.490563,5.991495,138.894912,-0.194696,0.722565,-0.162183,-1.426195,0.014621,1.045443,-1.044773
37,-0.633867,-0.090933,0.143683,0.387911,6.086716,138.930114,-0.194696,0.722864,-0.162914,-1.42834,0.014621,1.045455,-1.044749
38,-0.632647,-0.091161,0.142827,0.289613,6.185276,138.972073,-0.194708,0.72314,-0.163801,-1.430509,0.014633,1.045443,-1.044749
39,-0.630406,-0.091582,0.14141,0.117081,6.360198,139.049177,-0.194744,0.723392,-0.165418,-1.434536,0.014633,1.045455,-1.044761
40,-0.629761,-0.091748,0.14104,0.073904,6.410946,139.076029,-0.194744,0.723428,-0.16597,-1.435674,0.014621,1.045431,-1.044737
41,-0.628484,-0.092019,0.140335,-0.016206,6.507569,139.122596,-0.194744,0.723428,-0.166976,-1.437975,0.014633,1.045431,-1.044761
42,-0.626975,-0.092452,0.139549,-0.113011,6.626505,139.187449,-0.194732,0.72344,-0.168367,-1.440588,0.014621,1.045443,-1.044749
43,-0.624768,-0.093301,0.138522,-0.237178,6.802656,139.298847,-0.194756,0.723392,-0.170739,-1.444279,0.014633,1.045443,-1.044773
44,-0.624171,-0.093609,0.138272,-0.263363,6.852868,139.335467,-0.194756,0.72338,-0.171518,-1.445226,0.014621,1.045419,-1.044761
45,-0.623279,-0.094139,0.137932,-0.298708,6.930891,139.394672,-0.194744,0.72338,-0.172825,-1.446556,0.014621,1.045431,-1.044773
46,-0.621829,-0.095251,0.137467,-0.337771,7.063042,139.511423,-0.19478,0.72338,-0.175317,-1.448558,0.014621,1.045419,-1.044785
47,-0.621505,-0.095563,0.137392,-0.341369,7.095494,139.542286,-0.194756,0.723392,-0.176024,-1.448941,0.014633,1.045431,-1.044797
48,-0.621108,-0.096121,0.137372,-0.331115,7.139968,139.59438,-0.194744,0.723392,-0.177163,-1.449289,0.014621,1.045431,-1.044785
49,-0.620742,-0.096832,0.137422,-0.3082,7.186194,139.656442,-0.194756,0.723404,-0.178529,-1.449468,0.014621,1.045431,-1.044809
50,-0.620411,-0.097647,0.137541,-0.272511,7.233424,139.724845,-0.194756,0.723404,-0.180063,-1.449504,0.014597,1.045419,-1.044833
51,-0.620068,-0.09849,0.137658,-0.234445,7.28717,139.787615,-0.194756,0.723416,-0.181597,-1.449504,0.014429,1.045443,-1.044881
52,-0.619597,-0.099384,0.137702,-0.197814,7.357957,139.838151,-0.194792,0.723392,-0.183107,-1.44972,0.013937,1.045431,-1.045001
53,-0.618893,-0.100541,0.137593,-0.139678,7.497127,139.818846,-0.194792,0.723416,-0.184629,-1.450032,0.01196,1.045419,-1.045552
54,-0.618013,-0.101931,0.137336,-0.063494,7.705294,139.672506,-0.194852,0.723428,-0.18584,-1.450403,0.008197,1.045419,-1.047218
55,-0.617038,-0.103322,0.137026,0.035729,7.934114,139.592175,-0.194876,0.723428,-0.186966,-1.450835,0.003871,1.045324,-1.047362
56,-0.61622,-0.104476,0.136583,0.150061,8.133332,139.497708,-0.194888,0.723416,-0.187601,-1.451494,-0.000456,1.044485,-1.04735
57,-0.615758,-0.105444,0.135908,0.319082,8.272023,139.380015,-0.194912,0.72344,-0.187709,-1.452488,-0.004674,1.04186,-1.047374
58,-0.615608,-0.106143,0.13517,0.506143,8.334034,139.285212,-0.194864,0.723464,-0.187673,-1.453723,-0.007802,1.038109,-1.04735
59,-0.615881,-0.106647,0.134317,0.704727,8.300014,139.237463,-0.194876,0.723751,-0.187637,-1.454993,-0.009264,1.033148,-1.047362
60,-0.616371,-0.10692,0.133434,0.907017,8.187374,139.231167,-0.194876,0.723979,-0.187625,-1.456635,-0.009324,1.027227,-1.047362
61,-0.61686,-0.107213,0.132469,1.131536,8.05928,139.227185,-0.194876,0.724111,-0.187637,-1.45866,-0.009336,1.020552,-1.047362
62,-0.617289,-0.10744,0.131415,1.355847,7.927406,139.218513,-0.19484,0.724207,-0.187601,-1.460997,-0.009324,1.013565,-1.047374
63,-0.61751,-0.107603,0.130459,1.538931,7.817679,139.212241,-0.19484,0.724159,-0.187541,-1.463394,-0.009324,1.007477,-1.047374
64,-0.617685,-0.107646,0.129112,1.750127,7.68336,139.193487,-0.194792,0.724147,-0.18729,-1.466714,-0.009324,0.999771,-1.047362
65,-0.617684,-0.107597,0.12868,1.801524,7.645695,139.183716,-0.194792,0.724123,-0.187122,-1.467816,-0.009324,0.997566,-1.047374
66,-0.617572,-0.107383,0.127954,1.856902,7.596508,139.161361,-0.194732,0.724087,-0.18675,-1.469686,-0.009324,0.994427,-1.047374
67,-0.617466,-0.107119,0.127215,1.909555,7.54921,139.134826,-0.194588,0.724099,-0.186391,-1.471519,-0.009312,0.991335,-1.047374
68,-0.617222,-0.10683,0.12653,1.937238,7.525581,139.108111,-0.194312,0.724123,-0.186211,-1.473269,-0.009324,0.988914,-1.047386
69,-0.616788,-0.106422,0.126151,1.889176,7.546873,139.082035,-0.193965,0.724087,-0.186079,-1.474407,-0.009324,0.98871,-1.047398
70,-0.616563,-0.10607,0.125992,1.863685,7.561421,139.057133,-0.193497,0.724027,-0.186091,-1.474995,-0.009324,0.988698,-1.047386
71,-0.616569,-0.105724,0.126,1.860681,7.562272,139.024724,-0.192958,0.723943,-0.186091,-1.475127,-0.009324,0.988698,-1.047422
72,-0.616659,-0.105383,0.126063,1.864894,7.557412,138.993583,-0.192419,0.723859,-0.186067,-1.475091,-0.009312,0.98871,-1.047422
73,-0.616708,-0.105065,0.12607,1.864492,7.555746,138.964684,-0.19194,0.723823,-0.186031,-1.475127,-0.009312,0.988698,-1.047422
74,-0.616764,-0.104794,0.126053,1.862802,7.553825,138.939089,-0.191568,0.723835,-0.185947,-1.475127,-0.009324,0.988686,-1.047422
75,-0.616821,-0.104566,0.126022,1.856673,7.548111,138.919488,-0.191388,0.723847,-0.185732,-1.475139,-0.009324,0.988686,-1.04741
76,-0.616795,-0.104318,0.125889,1.834932,7.54483,138.899459,-0.191352,0.723895,-0.18536,-1.475342,-0.009324,0.988698,-1.047422
77,-0.616664,-0.104067,0.125681,1.801997,7.546927,138.88255,-0.191376,0.723943,-0.184965,-1.475762,-0.009324,0.98871,-1.047422
78,-0.616527,-0.103836,0.125469,1.770487,7.551419,138.863954,-0.191364,0.724015,-0.184641,-1.476169,-0.009324,0.98871,-1.047469
79,-0.616405,-0.103567,0.125273,1.738421,7.552505,138.838869,-0.191352,0.724039,-0.184246,-1.476601,-0.009324,0.988698,-1.047577
80,-0.616196,-0.103361,0.125016,1.698054,7.56271,138.80396,-0.191364,0.724111,-0.183958,-1.477152,-0.009324,0.988698,-1.047961
81,-0.615972,-0.103206,0.124751,1.629609,7.581068,138.595395,-0.191352,0.724087,-0.183682,-1.477919,-0.009336,0.988686,-1.05134
82,-0.615824,-0.103166,0.124464,1.523604,7.60798,138.147133,-0.191352,0.724099,-0.183431,-1.47871,-0.009312,0.988722,-1.058914
83,-0.615735,-0.103244,0.124202,1.410338,7.637506,137.590043,-0.191364,0.724099,-0.183263,-1.479465,-0.009324,0.988698,-1.06843
84,-0.615773,-0.103365,0.123998,1.295071,7.662301,136.958313,-0.191364,0.724111,-0.183095,-1.480028,-0.009324,0.988686,-1.079228
85,-0.615949,-0.103618,0.123881,1.202546,7.683551,136.360111,-0.191376,0.724231,-0.183095,-1.480172,-0.009336,0.988686,-1.08957
86,-0.616195,-0.103866,0.123854,1.125862,7.695872,135.805908,-0.191388,0.72429,-0.183095,-1.48016,-0.009324,0.988686,-1.099169
87,-0.616398,-0.104084,0.123831,1.058587,7.705769,135.330943,-0.191424,0.724326,-0.183083,-1.480172,-0.009312,0.988698,-1.107415
88,-0.616585,-0.104232,0.123857,1.012425,7.710654,134.963229,-0.1914,0.724302,-0.183083,-1.480148,-0.009312,0.988686,-1.113754
89,-0.616705,-0.10429,0.123864,0.979355,7.710292,134.731808,-0.191388,0.72429,-0.183047,-1.48016,-0.00924,0.988686,-1.117757
90,-0.616841,-0.104167,0.123852,0.954167,7.694557,134.607966,-0.1914,0.72429,-0.182784,-1.48016,-0.009024,0.988686,-1.119818
91,-0.61702,-0.103816,0.123819,0.935199,7.6688,134.538065,-0.1914,0.724255,-0.182124,-1.48016,-0.008928,0.988674,-1.120561
92,-0.617329,-0.103162,0.123729,0.918153,7.618787,134.490808,-0.191376,0.724231,-0.180974,-1.480172,-0.008737,0.988482,-1.120549
93,-0.617931,-0.102359,0.123566,0.937924,7.534505,134.420758,-0.191376,0.724231,-0.179368,-1.48016,-0.008593,0.987404,-1.120561
94,-0.618971,-0.101524,0.123278,1.041185,7.403288,134.332197,-0.191364,0.724302,-0.177427,-1.480148,-0.008581,0.984552,-1.120525
95,-0.620022,-0.100524,0.122919,1.129009,7.267966,134.227729,-0.191376,0.724422,-0.175174,-1.480184,-0.008593,0.981783,-1.120525
96,-0.620995,-0.099523,0.122437,1.198288,7.146388,134.124102,-0.191352,0.724782,-0.173004,-1.480184,-0.008593,0.979219,-1.120525
97,-0.621634,-0.098557,0.121818,1.203213,7.067182,134.029766,-0.191352,0.725417,-0.171039,-1.480208,-0.008605,0.977709,-1.120525
98,-0.621883,-0.097585,0.121037,1.125233,7.038751,133.945168,-0.191352,0.726412,-0.169277,-1.480196,-0.008605,0.977589,-1.120501
99,-0.622004,-0.096786,0.120177,1.038659,7.030184,133.872668,-0.191352,0.727586,-0.167863,-1.480184,-0.008605,0.977601,-1.120525
100,-0.622092,-0.096127,0.119441,0.965695,7.024263,133.814706,-0.191352,0.728593,-0.166701,-1.480184,-0.008605,0.977601,-1.120513
101,-0.62214,-0.095521,0.11869,0.891359,7.023699,133.761471,-0.191352,0.729635,-0.165646,-1.480196,-0.008605,0.977625,-1.120501
102,-0.622169,-0.095172,0.118212,0.847201,7.023882,133.731353,-0.191364,0.730307,-0.165023,-1.480196,-0.008605,0.977601,-1.120477
103,-0.622184,-0.094934,0.117944,0.81945,7.022271,133.713249,-0.191364,0.730666,-0.164616,-1.48022,-0.008593,0.977613,-1.120441
104,-0.622199,-0.094869,0.117885,0.814035,7.021615,133.707501,-0.191352,0.73075,-0.164508,-1.480208,-0.008605,0.977613,-1.120429
105,-0.622184,-0.094917,0.117909,0.815899,7.023808,133.71027,-0.191388,0.730714,-0.164544,-1.480208,-0.008641,0.977637,-1.120429
106,-0.622171,-0.094994,0.117925,0.820857,7.026776,133.716432,-0.191424,0.730702,-0.164627,-1.480196,-0.008677,0.977613,-1.120405
107,-0.622115,-0.095107,0.117944,0.822922,7.033113,133.730607,-0.191484,0.730678,-0.164771,-1.48022,-0.008701,0.977649,-1.120322
108,-0.622056,-0.09523,0.117943,0.823049,7.043067,133.739536,-0.191544,0.730702,-0.164915,-1.480208,-0.008773,0.977721,-1.120298
109,-0.621891,-0.095519,0.118004,0.823941,7.063633,133.769018,-0.191592,0.730666,-0.16543,-1.480244,-0.008761,0.977912,-1.12025
110,-0.621725,-0.095861,0.118103,0.830763,7.086312,133.800921,-0.191628,0.730594,-0.166042,-1.480256,-0.008773,0.978092,-1.120214
111,-0.621538,-0.096178,0.118271,0.834549,7.102763,133.839979,-0.191784,0.730342,-0.166497,-1.480364,-0.008785,0.978356,-1.12007
112,-0.62143,-0.096454,0.118526,0.849519,7.10316,133.87817,-0.192035,0.729899,-0.166749,-1.480507,-0.008785,0.978464,-1.119902
113,-0.621307,-0.09679,0.118705,0.864397,7.113135,133.909322,-0.192191,0.729635,-0.167204,-1.480591,-0.008785,0.978523,-1.119902
114,-0.621095,-0.097246,0.118832,0.87952,7.14373,133.948852,-0.192155,0.729552,-0.168103,-1.480615,-0.008797,0.978655,-1.11989
115,-0.620806,-0.097622,0.118922,0.863033,7.182554,133.987291,-0.192191,0.729552,-0.168846,-1.480591,-0.008785,0.979302,-1.119854
116,-0.620409,-0.09788,0.119018,0.815524,7.23109,134.014717,-0.192227,0.729516,-0.169445,-1.480615,-0.008797,0.980477,-1.11989
117,-0.620325,-0.098117,0.119204,0.825837,7.239925,134.03807,-0.192287,0.729288,-0.169829,-1.480603,-0.008785,0.980657,-1.119878
118,-0.620358,-0.098124,0.119382,0.839936,7.232516,134.039852,-0.192263,0.729,-0.169853,-1.480615,-0.008797,0.980657,-1.119866
119,-0.62039,-0.098129,0.119484,0.850109,7.227079,134.044803,-0.192251,0.728844,-0.169865,-1.480603,-0.008797,0.980633,-1.119794
120,-0.620359,-0.098128,0.119457,0.848729,7.229118,134.061278,-0.192251,0.72888,-0.169889,-1.480627,-0.008785,0.980645,-1.119531
121,-0.620319,-0.098095,0.119402,0.854397,7.229863,134.141957,-0.192275,0.728976,-0.169865,-1.480603,-0.008785,0.980657,-1.118128
122,-0.620216,-0.097984,0.119247,0.860854,7.234885,134.282383,-0.192227,0.729204,-0.169841,-1.480627,-0.008797,0.980645,-1.1156
123,-0.620088,-0.097786,0.119092,0.879647,7.233574,134.533167,-0.192191,0.729432,-0.169745,-1.480639,-0.008761,0.980633,-1.111142
124,-0.619977,-0.097528,0.118885,0.895112,7.228795,134.790185,-0.192191,0.729719,-0.169505,-1.480651,-0.008725,0.980597,-1.106492
125,-0.619853,-0.097186,0.118592,0.915368,7.222893,135.120029,-0.192179,0.730151,-0.169182,-1.480627,-0.008689,0.980525,-1.100488
126,-0.619769,-0.096866,0.118345,0.938309,7.208434,135.430265,-0.192191,0.730498,-0.168882,-1.480639,-0.008533,0.980345,-1.094939
127,-0.619748,-0.096384,0.118046,0.965976,7.1751,135.811222,-0.192143,0.730954,-0.168498,-1.480627,-0.008054,0.980009,-1.088204
128,-0.61969,-0.095853,0.117718,0.979484,7.141026,136.215207,-0.192011,0.731517,-0.168259,-1.480603,-0.007275,0.979842,-1.081253
129,-0.619706,-0.095224,0.117358,0.990197,7.097426,136.585539,-0.191952,0.732056,-0.167707,-1.480615,-0.006568,0.979542,-1.074674
130,-0.619913,-0.09448,0.116911,1.029097,7.046033,136.886867,-0.191928,0.732572,-0.166569,-1.480615,-0.00652,0.978631,-1.068502
131,-0.620153,-0.093661,0.116423,1.05026,6.995141,137.121015,-0.191928,0.733123,-0.165215,-1.480615,-0.006532,0.977816,-1.063313
132,-0.620307,-0.092688,0.115921,1.021248,6.957889,137.282909,-0.191928,0.733698,-0.163633,-1.480615,-0.00652,0.977709,-1.059214
133,-0.620441,-0.091705,0.115332,0.972098,6.929356,137.387005,-0.191916,0.734417,-0.162027,-1.480615,-0.006508,0.977721,-1.056074
134,-0.620641,-0.090784,0.114691,0.902799,6.904912,137.331217,-0.191904,0.735208,-0.160397,-1.480627,-0.00652,0.977673,-1.055667
135,-0.620945,-0.089794,0.113939,0.833809,6.868734,137.244281,-0.19194,0.736143,-0.15854,-1.480627,-0.006508,0.977325,-1.055667
136,-0.621378,-0.088924,0.11312,0.802999,6.820237,137.161345,-0.191928,0.737185,-0.15685,-1.480603,-0.00652,0.976222,-1.055655
137,-0.622215,-0.088303,0.112129,0.874152,6.724113,137.084607,-0.191892,0.738432,-0.155376,-1.480591,-0.00652,0.972963,-1.055655
138,-0.623388,-0.088039,0.111019,1.043835,6.588491,137.025061,-0.191916,0.739822,-0.154237,-1.480591,-0.006532,0.967738,-1.055643
139,-0.624704,-0.088057,0.109889,1.270572,6.438655,136.980843,-0.191916,0.741272,-0.153518,-1.480579,-0.006532,0.961506,-1.055655
140,-0.626104,-0.088147,0.108789,1.523916,6.277462,136.941307,-0.191892,0.742674,-0.152907,-1.480579,-0.00652,0.954819,-1.055643
141,-0.627262,-0.088253,0.107902,1.730158,6.146524,136.910108,-0.191916,0.743849,-0.152416,-1.480507,-0.006508,0.949414,-1.055655
142,-0.628151,-0.088249,0.107268,1.879052,6.045132,136.881024,-0.191928,0.744688,-0.151912,-1.480424,-0.006496,0.945483,-1.055655
143,-0.628679,-0.088093,0.107036,1.952768,5.981359,136.853635,-0.19194,0.744951,-0.151361,-1.480352,-0.006508,0.943577,-1.055655
144,-0.628916,-0.087958,0.10706,1.97796,5.952362,136.837528,-0.191928,0.744903,-0.151037,-1.480256,-0.006508,0.943062,-1.055667
145,-0.628985,-0.087938,0.107188,1.98914,5.944436,136.835467,-0.191892,0.744736,-0.151013,-1.480184,-0.00652,0.943062,-1.055655
146,-0.629041,-0.087985,0.107335,2.002553,5.935838,136.83991,-0.191928,0.744532,-0.151037,-1.480136,-0.006508,0.943038,-1.055655
147,-0.629028,-0.087981,0.107377,2.002887,5.935046,136.840375,-0.191928,0.744448,-0.151037,-1.480172,-0.006508,0.943074,-1.055655
148,-0.629061,-0.087971,0.107427,2.0069,5.931177,136.839118,-0.191916,0.744388,-0.151025,-1.480136,-0.006496,0.943074,-1.055667
149,-0.629049,-0.087979,0.107418,2.006605,5.931984,136.840111,-0.191928,0.744388,-0.151025,-1.48016,-0.006508,0.943062,-1.055655
150,-0.629067,-0.087983,0.107435,2.007805,5.931317,136.840102,-0.191928,0.744388,-0.151025,-1.480112,-0.006508,0.943086,-1.055655
151,-0.629079,-0.087979,0.107448,2.009843,5.929459,136.83966,-0.191928,0.744364,-0.151013,-1.480112,-0.006508,0.943062,-1.055655
152,-0.6291,-0.088005,0.107527,2.015955,5.926285,136.841239,-0.19194,0.744256,-0.151037,-1.480088,-0.006508,0.943074,-1.055667
153,-0.62915,-0.088,0.107612,2.023494,5.921367,136.84098,-0.191916,0.74416,-0.151037,-1.480016,-0.006508,0.943086,-1.055655
154,-0.629213,-0.088012,0.10774,2.033457,5.913991,136.841394,-0.191916,0.744005,-0.151037,-1.479932,-0.006496,0.94311,-1.055667
155,-0.629239,-0.088026,0.107874,2.041416,5.908669,136.842713,-0.191928,0.743801,-0.151037,-1.47992,-0.006508,0.943158,-1.055667
156,-0.629228,-0.088041,0.107986,2.045606,5.907158,136.845816,-0.191916,0.743621,-0.151085,-1.479944,-0.006508,0.943242,-1.055655
157,-0.629268,-0.088056,0.108139,2.055573,5.899885,136.846925,-0.191928,0.743393,-0.151085,-1.47992,-0.006508,0.943278,-1.055667
158,-0.629321,-0.088025,0.108228,2.059899,5.889756,136.850997,-0.191904,0.743285,-0.151085,-1.479884,-0.006376,0.943278,-1.055655
159,-0.629452,-0.087887,0.108341,2.049643,5.8522,136.877492,-0.191916,0.743202,-0.151073,-1.479848,-0.005573,0.943278,-1.055655
160,-0.629621,-0.087622,0.108432,2.021934,5.793403,136.922623,-0.191904,0.74319,-0.151073,-1.47986,-0.004159,0.943278,-1.055655
161,-0.629776,-0.087403,0.108498,1.996754,5.741632,136.963918,-0.191916,0.743214,-0.151073,-1.479848,-0.0029,0.943278,-1.055655
162,-0.629862,-0.087367,0.108518,1.999146,5.732636,136.965387,-0.191892,0.743261,-0.151049,-1.479716,-0.002769,0.943254,-1.055655
163,-0.629845,-0.087341,0.108459,1.993564,5.735358,136.963956,-0.19188,0.743345,-0.151025,-1.479728,-0.002769,0.943266,-1.055643
164,-0.629847,-0.087317,0.108395,1.988595,5.737868,136.961171,-0.191856,0.743465,-0.151013,-1.479693,-0.002757,0.943278,-1.055655
165,-0.629842,-0.087276,0.108294,1.981322,5.741076,136.955994,-0.191844,0.743621,-0.150953,-1.479681,-0.002769,0.943266,-1.055667
166,-0.629904,-0.08719,0.10824,1.976925,5.736265,136.947647,-0.191844,0.743729,-0.150786,-1.479597,-0.002757,0.943254,-1.055679
167,-0.630012,-0.087063,0.108255,1.976706,5.726504,136.937322,-0.19182,0.743753,-0.150558,-1.479453,-0.002757,0.943278,-1.055655
168,-0.630163,-0.086927,0.108307,1.981069,5.711646,136.924331,-0.191808,0.743729,-0.150282,-1.479273,-0.002757,0.943266,-1.055655
169,-0.630346,-0.086787,0.108372,1.988074,5.695872,136.909183,-0.19176,0.743729,-0.150031,-1.479021,-0.002745,0.943254,-1.055679
170,-0.630562,-0.086582,0.10842,1.991528,5.674699,136.891565,-0.191748,0.743741,-0.149623,-1.478758,-0.002721,0.943242,-1.055667
171,-0.63081,-0.086243,0.108448,1.988512,5.647097,136.863004,-0.191736,0.743741,-0.148976,-1.478518,-0.002709,0.943242,-1.055655
172,-0.631051,-0.085809,0.108432,1.978224,5.616875,136.825751,-0.191736,0.743741,-0.148149,-1.478362,-0.002721,0.94323,-1.055655
173,-0.631257,-0.085361,0.108394,1.963237,5.588032,136.788669,-0.191736,0.743741,-0.147322,-1.478278,-0.002709,0.94323,-1.055667
174,-0.631415,-0.084904,0.108315,1.943624,5.56201,136.752759,-0.191748,0.743753,-0.146483,-1.47829,-0.002709,0.943218,-1.055655
175,-0.631568,-0.084482,0.108242,1.925569,5.53835,136.717922,-0.191748,0.743777,-0.145716,-1.478278,-0.002709,0.943218,-1.055667
176,-0.631736,-0.084059,0.108182,1.911066,5.512622,136.682926,-0.191748,0.743777,-0.144937,-1.478266,-0.002721,0.94317,-1.055667
177,-0.631919,-0.083713,0.108143,1.903757,5.488139,136.655586,-0.191736,0.743801,-0.144302,-1.478183,-0.002709,0.943086,-1.055643
178,-0.632092,-0.083461,0.108133,1.897712,5.469538,136.632243,-0.191748,0.743849,-0.143799,-1.478003,-0.002709,0.94311,-1.055667
179,-0.63225,-0.083265,0.108144,1.897092,5.452527,136.614279,-0.19176,0.743861,-0.143391,-1.477847,-0.002721,0.943086,-1.055667
180,-0.632363,-0.083106,0.108138,1.894515,5.440929,136.599369,-0.191748,0.743897,-0.143092,-1.477727,-0.002721,0.943086,-1.055679
181,-0.632455,-0.082999,0.108159,1.894752,5.430626,136.590631,-0.19176,0.743885,-0.142864,-1.477631,-0.002721,0.943086,-1.055667
182,-0.632521,-0.082918,0.108168,1.895431,5.423231,136.583891,-0.191748,0.743885,-0.14272,-1.477571,-0.002709,0.943062,-1.055667
183,-0.632631,-0.082894,0.108221,1.903808,5.414805,136.581384,-0.191748,0.743885,-0.142636,-1.477392,-0.002709,0.943038,-1.055643
184,-0.632777,-0.082904,0.108316,1.916127,5.404752,136.579428,-0.191736,0.743885,-0.142624,-1.477116,-0.002661,0.943038,-1.055679
185,-0.632982,-0.0829,0.108429,1.928256,5.384498,136.586864,-0.19176,0.743909,-0.142589,-1.476768,-0.002433,0.943014,-1.055667
186,-0.63323,-0.082848,0.108578,1.942163,5.35957,136.589637,-0.191748,0.743897,-0.142505,-1.476373,-0.002181,0.943002,-1.055679
187,-0.633481,-0.082757,0.108708,1.952565,5.333115,136.591178,-0.19176,0.743897,-0.142325,-1.475989,-0.001942,0.943002,-1.055655
188,-0.6337,-0.082599,0.108793,1.956294,5.307396,136.585023,-0.19176,0.743897,-0.142049,-1.475714,-0.001726,0.94299,-1.055667
189,-0.633864,-0.082362,0.108806,1.953489,5.288142,136.565119,-0.19176,0.743897,-0.141594,-1.47557,-0.001714,0.942978,-1.055667
190,-0.634016,-0.082014,0.108778,1.942239,5.266243,136.538573,-0.191748,0.743897,-0.140971,-1.47551,-0.001702,0.942978,-1.055643
191,-0.634132,-0.081719,0.108731,1.93092,5.248247,136.5141,-0.19176,0.743909,-0.140419,-1.475498,-0.001702,0.942954,-1.055655
192,-0.634259,-0.081441,0.108699,1.922213,5.230368,136.490504,-0.19176,0.743921,-0.139904,-1.47545,-0.001702,0.94293,-1.055667
193,-0.634363,-0.081253,0.108679,1.918178,5.218006,136.473185,-0.191748,0.743945,-0.139556,-1.475378,-0.001714,0.942906,-1.055679
194,-0.634437,-0.081177,0.108714,1.920579,5.209502,136.467065,-0.191748,0.743909,-0.139401,-1.475306,-0.001714,0.942894,-1.055667
195,-0.634518,-0.081163,0.108751,1.924904,5.201851,136.467398,-0.19176,0.743921,-0.139353,-1.475174,-0.001654,0.942882,-1.055667
196,-0.634702,-0.081103,0.108863,1.930725,5.177808,136.477681,-0.191736,0.743921,-0.139341,-1.474911,-0.001271,0.94287,-1.055667
197,-0.634955,-0.080914,0.109008,1.921736,5.127262,136.506346,-0.191748,0.743909,-0.139257,-1.474671,-0.000288,0.94287,-1.055667
198,-0.635199,-0.080715,0.10912,1.915136,5.084438,136.523422,-0.191748,0.743921,-0.139089,-1.474419,0.000455,0.94287,-1.055655
199,-0.635444,-0.080408,0.109205,1.896534,5.031668,136.540914,-0.19176,0.743933,-0.138801,-1.474264,0.001414,0.94287,-1.055679
200,-0.635776,-0.079807,0.10931,1.843996,4.929943,136.596621,-0.19176,0.743945,-0.13843,-1.474264,0.003595,0.94287,-1.055655
201,-0.636126,-0.079142,0.109423,1.787819,4.822478,136.650031,-0.191748,0.743933,-0.137987,-1.474288,0.00586,0.94287,-1.055655
202,-0.636466,-0.078498,0.109517,1.735038,4.721773,136.69404,-0.191748,0.743933,-0.137495,-1.4743,0.007921,0.942858,-1.055679
203,-0.637049,-0.077433,0.10963,1.628103,4.537266,136.808304,-0.191748,0.744136,-0.136956,-1.474288,0.01214,0.94287,-1.055655
204,-0.637171,-0.077248,0.109658,1.607144,4.498845,136.834936,-0.191772,0.744184,-0.136884,-1.474276,0.013039,0.942858,-1.055667
205,-0.637264,-0.077066,0.109663,1.581856,4.463267,136.863649,-0.191772,0.744268,-0.136872,-1.474288,0.013985,0.942882,-1.055691
206,-0.637458,-0.076775,0.109747,1.548206,4.395898,136.920087,-0.191772,0.744304,-0.136884,-1.4743,0.015639,0.942846,-1.055655
207,-0.637568,-0.076612,0.109801,1.529516,4.359861,136.947393,-0.191772,0.744316,-0.136872,-1.474288,0.016514,0.942858,-1.055667
208,-0.637603,-0.076539,0.109824,1.520024,4.345033,136.961335,-0.191772,0.744316,-0.136872,-1.4743,0.016898,0.942882,-1.055643
209,-0.637626,-0.076518,0.10983,1.520212,4.341202,136.960666,-0.19176,0.744316,-0.13686,-1.474288,0.016957,0.942858,-1.055667
210,-0.637634,-0.076488,0.10983,1.517362,4.337334,136.962374,-0.19176,0.744316,-0.136836,-1.4743,0.017041,0.942858,-1.055667
211,-0.637662,-0.076427,0.109831,1.514137,4.332359,136.959036,-0.19176,0.744316,-0.13674,-1.474288,0.017089,0.94287,-1.055679
212,-0.637714,-0.076317,0.109827,1.510258,4.324147,136.95245,-0.19176,0.744316,-0.136548,-1.474264,0.017125,0.94287,-1.055667
213,-0.637757,-0.076159,0.109794,1.501289,4.314584,136.943296,-0.191772,0.744328,-0.136273,-1.474288,0.017173,0.94287,-1.055655
214,-0.637875,-0.075853,0.109764,1.488316,4.292757,136.925283,-0.191784,0.744328,-0.135757,-1.474288,0.017293,0.942858,-1.055667
215,-0.638061,-0.075405,0.109753,1.466198,4.25536,136.905888,-0.191772,0.744316,-0.135062,-1.474264,0.017653,0.942858,-1.055655
216,-0.638268,-0.074841,0.109713,1.436572,4.211226,136.882671,-0.191772,0.744316,-0.134188,-1.474276,0.018072,0.94287,-1.055631
217,-0.638478,-0.074288,0.109659,1.412775,4.172458,136.846984,-0.191772,0.744316,-0.133253,-1.474276,0.018276,0.942834,-1.055655
218,-0.638757,-0.073711,0.109574,1.403748,4.128532,136.799391,-0.191784,0.744316,-0.132162,-1.474276,0.018288,0.942511,-1.055667
219,-0.639091,-0.073254,0.109503,1.418551,4.080251,136.759535,-0.191772,0.744316,-0.131263,-1.474252,0.018288,0.941828,-1.055655
220,-0.639489,-0.072844,0.109405,1.451208,4.021875,136.720172,-0.191796,0.744316,-0.130365,-1.474288,0.018288,0.940725,-1.055667
221,-0.639943,-0.072532,0.109331,1.501835,3.960174,136.687535,-0.191796,0.744328,-0.129634,-1.474252,0.0183,0.939395,-1.055667
222,-0.64013,-0.072233,0.10932,1.500729,3.935208,136.662821,-0.191796,0.744328,-0.129058,-1.474156,0.0183,0.939251,-1.055655
223,-0.640333,-0.071983,0.109366,1.500242,3.912262,136.640912,-0.191808,0.744316,-0.128555,-1.47394,0.018312,0.939251,-1.055667
224,-0.640528,-0.07175,0.109408,1.499771,3.890353,136.620933,-0.19182,0.744316,-0.128088,-1.473724,0.018336,0.939251,-1.055679
225,-0.640731,-0.071514,0.109456,1.496011,3.862326,136.611615,-0.191832,0.744328,-0.12768,-1.473521,0.018563,0.939239,-1.055667
226,-0.640962,-0.071136,0.109532,1.473719,3.807863,136.625681,-0.191832,0.744304,-0.127285,-1.473449,0.019498,0.939215,-1.055655
227,-0.641282,-0.070566,0.109644,1.414204,3.701422,136.696526,-0.19182,0.744364,-0.127081,-1.473473,0.021991,0.939203,-1.055679
228,-0.641654,-0.070013,0.109823,1.34866,3.57603,136.798322,-0.191832,0.744424,-0.127057,-1.473461,0.025059,0.939191,-1.055655
229,-0.642116,-0.069455,0.110047,1.291269,3.430917,136.910489,-0.191868,0.744436,-0.127057,-1.473461,0.028426,0.938928,-1.055667
230,-0.642916,-0.068951,0.110227,1.296957,3.237914,137.030903,-0.191904,0.744496,-0.127045,-1.473473,0.032022,0.937238,-1.055643
231,-0.643985,-0.06875,0.110332,1.410654,3.037006,137.114482,-0.191916,0.74452,-0.127057,-1.473485,0.034622,0.933834,-1.055667
232,-0.644969,-0.068757,0.11037,1.554788,2.874496,137.165639,-0.19194,0.744544,-0.127069,-1.473473,0.036168,0.930287,-1.055655
233,-0.645798,-0.068943,0.110321,1.722968,2.762383,137.171925,-0.191928,0.744556,-0.127057,-1.473485,0.03648,0.926752,-1.055655
234,-0.646413,-0.069157,0.110269,1.860005,2.685397,137.170668,-0.19194,0.744568,-0.127069,-1.473485,0.03648,0.923995,-1.055655
235,-0.646651,-0.069224,0.110197,1.915088,2.65476,137.167306,-0.191928,0.744616,-0.127057,-1.473545,0.036468,0.922785,-1.055667
236,-0.646673,-0.069205,0.110208,1.917252,2.651726,137.16663,-0.191916,0.744604,-0.127033,-1.473533,0.03648,0.922749,-1.055655
237,-0.646695,-0.069182,0.110212,1.917054,2.649147,137.164665,-0.191928,0.744604,-0.126973,-1.473509,0.03648,0.922749,-1.055655
238,-0.646715,-0.069113,0.110214,1.912717,2.643485,137.162985,-0.191928,0.744592,-0.126877,-1.473521,0.036552,0.922761,-1.055655
239,-0.646806,-0.068948,0.110227,1.901008,2.621226,137.169403,-0.191916,0.744616,-0.126721,-1.473497,0.036971,0.922749,-1.055655
240,-0.646929,-0.068657,0.110247,1.883165,2.590041,137.168317,-0.191916,0.744592,-0.12635,-1.473509,0.037439,0.922749,-1.055667
241,-0.647096,-0.068285,0.11026,1.85945,2.548703,137.170142,-0.191928,0.744592,-0.125871,-1.473509,0.038074,0.922737,-1.055655
242,-0.647295,-0.067825,0.11029,1.829618,2.498072,137.17286,-0.191916,0.74458,-0.125319,-1.473509,0.038889,0.922749,-1.055655
243,-0.647544,-0.067343,0.110357,1.788089,2.425847,137.204624,-0.191916,0.744604,-0.124924,-1.473509,0.040375,0.922749,-1.055667
244,-0.647811,-0.066867,0.110472,1.747074,2.348106,137.244349,-0.191916,0.74458,-0.124576,-1.473497,0.041993,0.922761,-1.055655
245,-0.648089,-0.066357,0.110579,1.695944,2.259799,137.296408,-0.19194,0.744592,-0.124253,-1.473521,0.043946,0.922773,-1.055667
246,-0.648174,-0.06623,0.110619,1.689454,2.239284,137.30508,-0.191904,0.74458,-0.124181,-1.473497,0.044341,0.922737,-1.055655
247,-0.648294,-0.06602,0.110674,1.666203,2.200142,137.33232,-0.191904,0.744592,-0.124097,-1.473497,0.045264,0.922761,-1.055655
248,-0.64844,-0.06581,0.110763,1.640023,2.149764,137.374549,-0.191904,0.744592,-0.124109,-1.473509,0.046511,0.922749,-1.055655
249,-0.648582,-0.065608,0.110848,1.613398,2.100478,137.415264,-0.191928,0.744592,-0.124097,-1.473521,0.047721,0.922749,-1.055667
250,-0.648737,-0.065361,0.11094,1.587864,2.050751,137.451863,-0.191904,0.74458,-0.124049,-1.473521,0.048895,0.922749,-1.055655
251,-0.648895,-0.065145,0.111034,1.567564,2.005986,137.48105,-0.191916,0.744556,-0.123941,-1.473485,0.049866,0.922749,-1.055643
252,-0.649005,-0.064938,0.111072,1.550355,1.975496,137.493785,-0.191916,0.744556,-0.123761,-1.473473,0.050477,0.922761,-1.055643
253,-0.64919,-0.064586,0.111115,1.518098,1.920434,137.521123,-0.191916,0.744592,-0.123498,-1.473485,0.051652,0.922737,-1.055655
254,-0.649465,-0.06411,0.111244,1.477136,1.841301,137.560635,-0.191916,0.744556,-0.12315,-1.473473,0.053294,0.922737,-1.055667
255,-0.649737,-0.063566,0.111318,1.431651,1.764667,137.589247,-0.191928,0.744568,-0.122635,-1.473473,0.054804,0.922749,-1.055679
256,-0.650021,-0.063032,0.111384,1.405243,1.706243,137.584298,-0.191916,0.744544,-0.121916,-1.473365,0.055583,0.922737,-1.055667
257,-0.650289,-0.062538,0.111418,1.395506,1.669983,137.544659,-0.191904,0.744508,-0.121017,-1.473173,0.055607,0.922725,-1.055679
258,-0.650578,-0.061966,0.11143,1.381648,1.630571,137.500244,-0.191904,0.744496,-0.119962,-1.472969,0.055607,0.922725,-1.055655
259,-0.650868,-0.061463,0.111452,1.372046,1.593653,137.458718,-0.191916,0.744496,-0.119004,-1.47273,0.055595,0.922713,-1.055655
260,-0.651146,-0.06101,0.111494,1.364958,1.558705,137.421237,-0.191916,0.744484,-0.118153,-1.472478,0.055607,0.922713,-1.055667
261,-0.651529,-0.060532,0.11159,1.365029,1.516289,137.379829,-0.191916,0.744484,-0.117218,-1.472035,0.055607,0.922713,-1.055667
262,-0.651887,-0.060199,0.111719,1.372948,1.480995,137.349556,-0.191904,0.744484,-0.116547,-1.471543,0.055607,0.922725,-1.055655
263,-0.652258,-0.059979,0.111888,1.389374,1.448153,137.324802,-0.191904,0.744484,-0.116043,-1.470968,0.055607,0.922725,-1.055679
264,-0.652575,-0.059818,0.11202,1.405521,1.421694,137.307879,-0.191892,0.74452,-0.115672,-1.470453,0.055607,0.922701,-1.055655
265,-0.652848,-0.059721,0.112177,1.421862,1.399065,137.293966,-0.191904,0.744496,-0.115396,-1.469997,0.055607,0.922713,-1.055679
266,-0.653124,-0.059573,0.112311,1.435785,1.375341,137.278184,-0.191892,0.744496,-0.115061,-1.469554,0.055607,0.922713,-1.055667
267,-0.653426,-0.059444,0.112462,1.452386,1.349362,137.264011,-0.191904,0.744496,-0.114725,-1.469063,0.055619,0.922701,-1.055655
268,-0.653711,-0.059322,0.112609,1.468265,1.326157,137.248739,-0.191904,0.744496,-0.114414,-1.468583,0.055607,0.922713,-1.055655
269,-0.653974,-0.059227,0.112752,1.484139,1.303822,137.237156,-0.191916,0.744484,-0.11415,-1.468152,0.055619,0.922701,-1.055655
270,-0.654199,-0.059096,0.112852,1.492333,1.283104,137.22574,-0.191904,0.744508,-0.113886,-1.467792,0.055691,0.922713,-1.055667
271,-0.654371,-0.058957,0.11294,1.494941,1.260102,137.223567,-0.191904,0.744484,-0.113659,-1.467588,0.055894,0.922689,-1.055643
272,-0.654527,-0.058778,0.113005,1.485684,1.230644,137.230052,-0.191904,0.744496,-0.113467,-1.467457,0.056386,0.922689,-1.055667
273,-0.654697,-0.058555,0.113078,1.470372,1.191369,137.246975,-0.191916,0.744496,-0.113263,-1.467373,0.057117,0.922665,-1.055655
274,-0.654982,-0.058129,0.113196,1.43262,1.110723,137.294042,-0.191904,0.74452,-0.113035,-1.467337,0.058854,0.922569,-1.055667
275,-0.655348,-0.057596,0.113374,1.383629,1.004216,137.360188,-0.191916,0.744508,-0.11276,-1.467313,0.061155,0.922449,-1.055667
276,-0.655797,-0.057138,0.113535,1.367507,0.909817,137.396593,-0.191916,0.74452,-0.112352,-1.467109,0.062761,0.922066,-1.055655
277,-0.656275,-0.056683,0.113699,1.362593,0.821769,137.414784,-0.191904,0.74452,-0.111837,-1.466821,0.064032,0.921646,-1.055667
278,-0.656745,-0.056094,0.113903,1.324211,0.720066,137.454218,-0.191916,0.744544,-0.111286,-1.466522,0.065889,0.92161,-1.055655
279,-0.657155,-0.05571,0.114084,1.309789,0.651207,137.471335,-0.191916,0.744592,-0.110854,-1.46609,0.066968,0.921598,-1.055643
280,-0.657527,-0.055506,0.114265,1.323979,0.616255,137.453696,-0.191904,0.744616,-0.110435,-1.465491,0.067099,0.921622,-1.055667
281,-0.65784,-0.05535,0.114382,1.337153,0.590381,137.435832,-0.191916,0.744688,-0.110051,-1.464964,0.067111,0.921622,-1.055679
282,-0.65809,-0.055191,0.114478,1.347579,0.567821,137.420279,-0.191928,0.744712,-0.10968,-1.46458,0.067099,0.921598,-1.055655
283,-0.65827,-0.054978,0.114499,1.346787,0.549535,137.401584,-0.191928,0.744771,-0.10926,-1.464341,0.067099,0.921598,-1.055655
284,-0.658435,-0.054736,0.11451,1.343405,0.531045,137.381782,-0.191916,0.744819,-0.108817,-1.464149,0.067111,0.921598,-1.055655
285,-0.658637,-0.0545,0.114555,1.342927,0.509472,137.361624,-0.191916,0.744855,-0.108362,-1.463885,0.067135,0.92161,-1.055667
286,-0.658876,-0.054232,0.1146,1.345159,0.485145,137.336783,-0.191916,0.744903,-0.107822,-1.463574,0.067111,0.921586,-1.055667
287,-0.659228,-0.05388,0.114683,1.348607,0.450549,137.306038,-0.191916,0.744987,-0.107115,-1.46307,0.067123,0.921598,-1.055655
288,-0.65962,-0.053497,0.11477,1.353363,0.412117,137.270469,-0.191928,0.745083,-0.106324,-1.462519,0.067123,0.921586,-1.055667
289,-0.660028,-0.053101,0.114849,1.357931,0.37339,137.234225,-0.191928,0.745215,-0.105521,-1.46192,0.067123,0.921586,-1.055667
290,-0.660493,-0.052703,0.114962,1.366907,0.331404,137.196361,-0.191916,0.745359,-0.104706,-1.461201,0.067123,0.921598,-1.055667
291,-0.661022,-0.052401,0.115083,1.383876,0.289958,137.163637,-0.191928,0.74561,-0.103999,-1.460278,0.067123,0.921598,-1.055667
292,-0.661605,-0.052175,0.115257,1.410615,0.24797,137.134706,-0.191928,0.745874,-0.103412,-1.459199,0.067123,0.921598,-1.055667
293,-0.662187,-0.052036,0.115398,1.43974,0.211584,137.112195,-0.191928,0.746246,-0.102969,-1.458037,0.067123,0.921598,-1.055655
294,-0.662756,-0.051963,0.115522,1.47114,0.179673,137.091665,-0.191928,0.746665,-0.102633,-1.456851,0.067111,0.921586,-1.055679
295,-0.663588,-0.051838,0.115653,1.512488,0.133525,137.064012,-0.19194,0.74736,-0.102106,-1.455101,0.067111,0.921574,-1.055667
296,-0.663833,-0.051786,0.115698,1.523915,0.12019,137.054952,-0.191916,0.747564,-0.101962,-1.454574,0.067123,0.921598,-1.055667
297,-0.664154,-0.051787,0.115771,1.542738,0.10323,137.047566,-0.19194,0.747815,-0.101818,-1.453879,0.067123,0.921598,-1.055667
298,-0.664561,-0.051717,0.115833,1.5628,0.081052,137.032928,-0.191928,0.748163,-0.101566,-1.453016,0.067123,0.921598,-1.055667
299,-0.664962,-0.051605,0.115878,1.579732,0.058169,137.01501,-0.191916,0.748511,-0.101243,-1.452189,0.067111,0.921598,-1.055667
300,-0.665333,-0.051506,0.115966,1.596121,0.034356,136.99991,-0.19194,0.74875,-0.100919,-1.451446,0.067111,0.921622,-1.055667
301,-0.665929,-0.051286,0.116048,1.620393,-0.00419,136.971226,-0.191916,0.749206,-0.100368,-1.450283,0.067123,0.921586,-1.055667
302,-0.666071,-0.05123,0.116075,1.626323,-0.0134,136.963245,-0.191904,0.749302,-0.100236,-1.450008,0.067123,0.921586,-1.055679
303,-0.666255,-0.051165,0.116096,1.633601,-0.025305,136.954759,-0.191916,0.749445,-0.100045,-1.449648,0.067111,0.921574,-1.055667
304,-0.66653,-0.051026,0.116183,1.644198,-0.046833,136.939678,-0.191916,0.749553,-0.099721,-1.449157,0.067123,0.921586,-1.055667
305,-0.666757,-0.050873,0.116265,1.651473,-0.067045,136.92435,-0.191928,0.749601,-0.099373,-1.448785,0.067123,0.921598,-1.055667
306,-0.666963,-0.050691,0.116353,1.657801,-0.087444,136.908105,-0.191916,0.749601,-0.099014,-1.448486,0.067123,0.921598,-1.055655
307,-0.667129,-0.050518,0.116407,1.659488,-0.104883,136.89147,-0.191928,0.749613,-0.098654,-1.448258,0.067123,0.92161,-1.055679
308,-0.667292,-0.050324,0.116469,1.66145,-0.123273,136.87532,-0.191916,0.749601,-0.098295,-1.448054,0.067135,0.92161,-1.055679
309,-0.667424,-0.050126,0.116494,1.660256,-0.138928,136.859686,-0.191904,0.749613,-0.097935,-1.44791,0.067135,0.921598,-1.055667
310,-0.667555,-0.04993,0.116536,1.659009,-0.155832,136.843791,-0.191916,0.749589,-0.097552,-1.447779,0.067135,0.921598,-1.055667
311,-0.667699,-0.049665,0.11656,1.65332,-0.175626,136.824698,-0.191916,0.749589,-0.097072,-1.447647,0.067159,0.92161,-1.055655
312,-0.667856,-0.049345,0.116563,1.646045,-0.19725,136.798548,-0.191916,0.749601,-0.096485,-1.447527,0.067147,0.921598,-1.055667
313,-0.667989,-0.049058,0.116563,1.638115,-0.216519,136.77632,-0.191916,0.749613,-0.09597,-1.447431,0.067159,0.921598,-1.055679
314,-0.668177,-0.048778,0.116609,1.636856,-0.239329,136.753945,-0.191904,0.749613,-0.095455,-1.447227,0.067159,0.921586,-1.055667
315,-0.668311,-0.048654,0.116672,1.640398,-0.253134,136.74267,-0.191904,0.749601,-0.095203,-1.447036,0.067159,0.921598,-1.055667
316,-0.668497,-0.048533,0.116773,1.648958,-0.271769,136.730443,-0.191916,0.749577,-0.094927,-1.44676,0.067171,0.921586,-1.055679
317,-0.668719,-0.048387,0.116872,1.658792,-0.291928,136.715134,-0.191916,0.749589,-0.094604,-1.446412,0.067159,0.921574,-1.055679
318,-0.668916,-0.048253,0.116957,1.665113,-0.310189,136.703131,-0.191928,0.749613,-0.094304,-1.446089,0.067171,0.921598,-1.055667
319,-0.669201,-0.048068,0.117102,1.677677,-0.337228,136.684529,-0.19194,0.749601,-0.093885,-1.445645,0.067171,0.921598,-1.055667
320,-0.669538,-0.047877,0.117275,1.694638,-0.366335,136.663226,-0.191916,0.749613,-0.093477,-1.445082,0.067171,0.92161,-1.055679
321,-0.669869,-0.047745,0.117456,1.714417,-0.393882,136.64693,-0.191916,0.749625,-0.093142,-1.444507,0.067171,0.92161,-1.055679
322,-0.670201,-0.047583,0.117631,1.732794,-0.422232,136.629178,-0.191904,0.749637,-0.09277,-1.443944,0.067171,0.92161,-1.055667
323,-0.670511,-0.047416,0.117776,1.748085,-0.450287,136.611734,-0.191916,0.749661,-0.092375,-1.44344,0.067183,0.921586,-1.055667
324,-0.670798,-0.047159,0.117883,1.754246,-0.479244,136.587752,-0.19194,0.749685,-0.091823,-1.443021,0.067183,0.921598,-1.055679
325,-0.671056,-0.046805,0.117973,1.754957,-0.510005,136.559036,-0.191928,0.749661,-0.091164,-1.442721,0.067183,0.921598,-1.055667
326,-0.671295,-0.046493,0.117999,1.753197,-0.535956,136.532816,-0.191928,0.749745,-0.090565,-1.44241,0.067183,0.921586,-1.055667
327,-0.671471,-0.046289,0.118038,1.753911,-0.553756,136.514473,-0.191916,0.749793,-0.090181,-1.442158,0.067183,0.921598,-1.055679
328,-0.671576,-0.046226,0.118043,1.755798,-0.561662,136.507249,-0.191928,0.749877,-0.090026,-1.441966,0.067183,0.921598,-1.055691
329,-0.671637,-0.046176,0.118054,1.755501,-0.568501,136.506759,-0.191928,0.749913,-0.089942,-1.44187,0.067243,0.921598,-1.055667
330,-0.671735,-0.046047,0.118103,1.748945,-0.588976,136.512389,-0.191916,0.749913,-0.089822,-1.441798,0.067591,0.921586,-1.055667
331,-0.67188,-0.045925,0.118194,1.748659,-0.610221,136.511968,-0.191928,0.749889,-0.08963,-1.441619,0.067819,0.921598,-1.055667
332,-0.6721,-0.045736,0.118298,1.750984,-0.638165,136.503623,-0.19194,0.749889,-0.089295,-1.441331,0.068022,0.921586,-1.055679
333,-0.672401,-0.045519,0.118446,1.763119,-0.667286,136.482691,-0.191928,0.749889,-0.088851,-1.440864,0.068046,0.921586,-1.055691
334,-0.672806,-0.045272,0.118624,1.780999,-0.702179,136.456427,-0.191916,0.749949,-0.088312,-1.440181,0.068034,0.921598,-1.055691
335,-0.673836,-0.044935,0.119101,1.841061,-0.78167,136.410844,-0.19194,0.750188,-0.087365,-1.438287,0.068034,0.921586,-1.055691
336,-0.674129,-0.044826,0.119232,1.857389,-0.80364,136.397219,-0.191916,0.750272,-0.087114,-1.437736,0.068046,0.921598,-1.055691
337,-0.674535,-0.044668,0.119399,1.879359,-0.836454,136.377751,-0.19194,0.75038,-0.086682,-1.437017,0.068046,0.921562,-1.055691
338,-0.675053,-0.044333,0.119632,1.899633,-0.882336,136.343873,-0.19194,0.750452,-0.085951,-1.436142,0.068046,0.92161,-1.055691
339,-0.675515,-0.043923,0.11979,1.91119,-0.928715,136.30731,-0.191964,0.750524,-0.085088,-1.435459,0.068046,0.921586,-1.055679
340,-0.675929,-0.04358,0.119943,1.923628,-0.967955,136.274466,-0.191952,0.750596,-0.084393,-1.434812,0.068046,0.921586,-1.055691
341,-0.676354,-0.043235,0.120055,1.934197,-1.006196,136.24217,-0.191952,0.750752,-0.083674,-1.434117,0.068034,0.921586,-1.055679
342,-0.676714,-0.042944,0.120118,1.94028,-1.036753,136.214457,-0.19194,0.750955,-0.083087,-1.433493,0.068046,0.92161,-1.055691
343,-0.677023,-0.042729,0.120153,1.947648,-1.06175,136.192792,-0.191952,0.751159,-0.082607,-1.432954,0.068034,0.921586,-1.055691
344,-0.677352,-0.042462,0.120148,1.950038,-1.088057,136.168855,-0.191952,0.751447,-0.082056,-1.432367,0.068046,0.921586,-1.055679
345,-0.677697,-0.042268,0.120149,1.957247,-1.110892,136.147578,-0.191952,0.751782,-0.081613,-1.431684,0.068034,0.921598,-1.055679
346,-0.678068,-0.042031,0.120181,1.965723,-1.13928,136.124067,-0.191952,0.75207,-0.081097,-1.431001,0.068046,0.921586,-1.055679
347,-0.678442,-0.041852,0.120211,1.976409,-1.164342,136.103245,-0.191964,0.752393,-0.080654,-1.430258,0.068034,0.921598,-1.055679
348,-0.678898,-0.041693,0.120255,1.993658,-1.19204,136.081498,-0.191952,0.752813,-0.080247,-1.429311,0.068034,0.921598,-1.055691
349,-0.679424,-0.041599,0.120343,2.019281,-1.222209,136.064478,-0.191952,0.753268,-0.079911,-1.428184,0.068046,0.921598,-1.055679
350,-0.679897,-0.041475,0.120453,2.043569,-1.25175,136.044821,-0.19194,0.753604,-0.079551,-1.427214,0.068034,0.921586,-1.055679
351,-0.680386,-0.041279,0.120498,2.060145,-1.284109,136.021455,-0.191952,0.754035,-0.079048,-1.426231,0.068046,0.921574,-1.055679
352,-0.68107,-0.040803,0.120592,2.074768,-1.338275,135.97406,-0.191952,0.754503,-0.078029,-1.424985,0.068046,0.921598,-1.055691
353,-0.68129,-0.040623,0.12061,2.077746,-1.356667,135.957998,-0.191952,0.754658,-0.077658,-1.424601,0.068046,0.921598,-1.055679
354,-0.68157,-0.040378,0.120592,2.078823,-1.378858,135.935046,-0.191952,0.754922,-0.077155,-1.424098,0.068034,0.921598,-1.055679
355,-0.681873,-0.040045,0.120601,2.077758,-1.407919,135.907015,-0.191952,0.755126,-0.076507,-1.423618,0.068046,0.921598,-1.055679
356,-0.68217,-0.039759,0.120617,2.080357,-1.433961,135.879537,-0.19194,0.75533,-0.075944,-1.423127,0.068034,0.921586,-1.055703
357,-0.682414,-0.039493,0.120646,2.080378,-1.457937,135.85729,-0.19194,0.755461,-0.075429,-1.422743,0.068046,0.921598,-1.055703
358,-0.682624,-0.039285,0.120716,2.08445,-1.479549,135.838568,-0.191952,0.755497,-0.074997,-1.422432,0.068034,0.921598,-1.055703
359,-0.682811,-0.039162,0.120794,2.09288,-1.496197,135.826254,-0.19194,0.755533,-0.074746,-1.42212,0.068034,0.921586,-1.055703
360,-0.682959,-0.039047,0.120875,2.099154,-1.511167,135.815426,-0.19194,0.755521,-0.074506,-1.421893,0.068034,0.921586,-1.055703
361,-0.683138,-0.038878,0.120961,2.103914,-1.530804,135.800461,-0.191952,0.755509,-0.074159,-1.421641,0.068046,0.921586,-1.055715
362,-0.683195,-0.038764,0.120952,2.100553,-1.536832,135.790058,-0.191928,0.755557,-0.073979,-1.421557,0.068046,0.92161,-1.055739
363,-0.683316,-0.038595,0.120989,2.101298,-1.552568,135.77365,-0.19194,0.755545,-0.073643,-1.421437,0.068046,0.921574,-1.055786
364,-0.683428,-0.038423,0.121039,2.100716,-1.566541,135.758021,-0.19194,0.755521,-0.07332,-1.421305,0.068034,0.921598,-1.05581
365,-0.683517,-0.03826,0.121056,2.09784,-1.579095,135.744865,-0.191952,0.755521,-0.073008,-1.421221,0.068034,0.921598,-1.055822
366,-0.683556,-0.038192,0.121054,2.096388,-1.583677,135.7386,-0.19194,0.755545,-0.0729,-1.421174,0.068046,0.921598,-1.055846
367,-0.68357,-0.038187,0.121074,2.098411,-1.58557,135.7387,-0.19194,0.755521,-0.072888,-1.421162,0.068046,0.921586,-1.055834
368,-0.683592,-0.038179,0.12109,2.099873,-1.586981,135.737815,-0.19194,0.755521,-0.072864,-1.421114,0.068034,0.921598,-1.055822
369,-0.68368,-0.038166,0.121134,2.10616,-1.59362,135.735556,-0.19194,0.755545,-0.072816,-1.420946,0.068046,0.921586,-1.055822
370,-0.683717,-0.038152,0.121166,2.107938,-1.59707,135.734666,-0.191952,0.755533,-0.072768,-1.420874,0.068046,0.92161,-1.05581
371,-0.683783,-0.038092,0.121197,2.111097,-1.603336,135.727564,-0.191928,0.755533,-0.072673,-1.420778,0.068046,0.921598,-1.055834
372,-0.683853,-0.037985,0.12121,2.110069,-1.611941,135.718655,-0.19194,0.755545,-0.072457,-1.420694,0.068034,0.921598,-1.055834
373,-0.683904,-0.037839,0.121209,2.105591,-1.620893,135.70842,-0.191928,0.755545,-0.072217,-1.42067,0.068046,0.921598,-1.055834
374,-0.683986,-0.037657,0.121226,2.102641,-1.633563,135.696714,-0.191916,0.755533,-0.071906,-1.42061,0.068046,0.921586,-1.055798
375,-0.684064,-0.037521,0.121237,2.099726,-1.643797,135.68419,-0.191928,0.755545,-0.071642,-1.420526,0.068046,0.921598,-1.055834
376,-0.684165,-0.037404,0.121287,2.101911,-1.656289,135.675172,-0.19194,0.755521,-0.071402,-1.420407,0.068046,0.921586,-1.055822
377,-0.684255,-0.037283,0.121302,2.100948,-1.6661,135.665329,-0.19194,0.755557,-0.071175,-1.420275,0.068046,0.921598,-1.055822
378,-0.684383,-0.037178,0.121371,2.106052,-1.679201,135.654963,-0.19194,0.755545,-0.070959,-1.420083,0.068046,0.921598,-1.055834
379,-0.684558,-0.037083,0.121473,2.116114,-1.694769,135.643964,-0.191928,0.755545,-0.070755,-1.419783,0.068046,0.921598,-1.055846
380,-0.684756,-0.037015,0.121597,2.128726,-1.711464,135.635963,-0.19194,0.755545,-0.070563,-1.419424,0.068046,0.92161,-1.055834
381,-0.684975,-0.036935,0.121726,2.143721,-1.729526,135.626426,-0.191928,0.755557,-0.070372,-1.419028,0.068046,0.921598,-1.055822
382,-0.685174,-0.03684,0.121847,2.156428,-1.747213,135.615236,-0.191928,0.755545,-0.070144,-1.418693,0.068034,0.921586,-1.055822
383,-0.685422,-0.03661,0.121966,2.164348,-1.773211,135.595182,-0.191916,0.755545,-0.0697,-1.418321,0.068046,0.921586,-1.055822
384,-0.685501,-0.0365,0.122002,2.164201,-1.783174,135.585438,-0.191916,0.755533,-0.069497,-1.418225,0.068058,0.921598,-1.055846
385,-0.685634,-0.036327,0.122031,2.164082,-1.79894,135.571668,-0.19194,0.755557,-0.069137,-1.418058,0.068046,0.921586,-1.055834
386,-0.685795,-0.036066,0.122074,2.161838,-1.819098,135.551035,-0.191928,0.755569,-0.06867,-1.417866,0.068046,0.921598,-1.055834
387,-0.685962,-0.035817,0.122133,2.161062,-1.840765,135.53124,-0.19194,0.755557,-0.06819,-1.417674,0.068046,0.921598,-1.055834
388,-0.686139,-0.035634,0.122203,2.165347,-1.859917,135.515442,-0.19194,0.755569,-0.067831,-1.417422,0.068046,0.921586,-1.055834
389,-0.686345,-0.035508,0.1223,2.174431,-1.878145,135.502688,-0.19194,0.755605,-0.067555,-1.417063,0.068046,0.921598,-1.055834
390,-0.686552,-0.035449,0.122406,2.187679,-1.893937,135.494894,-0.19194,0.755653,-0.067387,-1.416667,0.068046,0.921598,-1.055822
391,-0.686705,-0.035414,0.1225,2.199638,-1.905585,135.487688,-0.191928,0.755665,-0.067292,-1.41638,0.068046,0.921586,-1.055846
392,-0.686768,-0.035413,0.122539,2.204052,-1.910038,135.487744,-0.19194,0.755677,-0.067256,-1.416248,0.068046,0.921598,-1.055822
393,-0.68679,-0.035383,0.122541,2.204476,-1.911764,135.483877,-0.191928,0.755689,-0.067208,-1.416212,0.068034,0.921598,-1.055834
394,-0.686818,-0.035313,0.122542,2.202685,-1.916862,135.479988,-0.191928,0.755689,-0.067088,-1.4162,0.068046,0.921586,-1.055822
395,-0.686841,-0.035283,0.122548,2.202298,-1.919859,135.476254,-0.19194,0.755689,-0.067016,-1.416176,0.068046,0.921586,-1.055846
396,-0.686866,-0.035231,0.12256,2.201607,-1.923217,135.471136,-0.19194,0.755677,-0.06692,-1.416152,0.068034,0.921598,-1.055858
397,-0.686925,-0.035111,0.122557,2.199413,-1.931232,135.463249,-0.191928,0.755701,-0.066716,-1.416092,0.068034,0.921586,-1.055834
398,-0.687049,-0.03498,0.122626,2.202841,-1.945697,135.452587,-0.191928,0.755677,-0.066465,-1.415924,0.068046,0.921586,-1.055834
399,-0.687199,-0.034786,0.122685,2.204169,-1.963056,135.436811,-0.191928,0.755677,-0.066093,-1.415721,0.068034,0.921598,-1.055822
400,-0.687369,-0.034571,0.122741,2.20513,-1.98355,135.419124,-0.19194,0.755689,-0.065674,-1.415505,0.068046,0.921586,-1.055834
401,-0.687586,-0.034344,0.122831,2.210761,-2.006852,135.399458,-0.191928,0.755701,-0.065242,-1.415193,0.068046,0.921574,-1.055834
402,-0.68775,-0.034218,0.122901,2.216356,-2.022939,135.38778,-0.19194,0.755725,-0.064967,-1.41493,0.068046,0.921574,-1.055834
403,-0.687919,-0.034184,0.12299,2.226323,-2.034992,135.381508,-0.191964,0.755773,-0.064823,-1.414582,0.068034,0.92161,-1.055834
404,-0.688109,-0.034171,0.123048,2.239812,-2.045594,135.376135,-0.19194,0.755905,-0.064763,-1.414175,0.068034,0.921586,-1.055834
405,-0.688292,-0.034184,0.123133,2.253456,-2.05606,135.37349,-0.19194,0.756001,-0.064727,-1.413767,0.068046,0.921598,-1.055834
406,-0.688412,-0.034203,0.123201,2.264063,-2.063604,135.37285,-0.191952,0.756037,-0.064703,-1.413516,0.068046,0.921586,-1.055822
407,-0.688454,-0.03416,0.123208,2.264862,-2.067296,135.368269,-0.19194,0.756061,-0.064631,-1.413444,0.068046,0.921586,-1.055834
408,-0.688459,-0.034124,0.123198,2.262366,-2.068515,135.365853,-0.19194,0.756073,-0.064571,-1.413444,0.068046,0.921598,-1.055834
409,-0.688478,-0.034068,0.123191,2.261069,-2.071601,135.363066,-0.191928,0.756085,-0.064487,-1.413432,0.068046,0.921586,-1.05581
410,-0.688528,-0.033979,0.1232,2.259748,-2.078329,135.354428,-0.19194,0.756085,-0.064308,-1.413384,0.068034,0.921586,-1.055834
411,-0.688538,-0.033937,0.123205,2.258121,-2.080712,135.351482,-0.19194,0.756073,-0.064236,-1.413384,0.068034,0.921598,-1.055834
412,-0.688531,-0.033951,0.12319,2.257519,-2.079159,135.352503,-0.19194,0.756097,-0.06426,-1.413384,0.068034,0.921598,-1.055834
413,-0.688564,-0.033922,0.1232,2.258846,-2.083276,135.350755,-0.191952,0.756097,-0.064188,-1.413348,0.068034,0.921574,-1.055822
414,-0.688582,-0.03388,0.123199,2.258433,-2.085111,135.345967,-0.191928,0.756109,-0.06414,-1.413324,0.068034,0.921574,-1.055846
415,-0.68859,-0.033865,0.123207,2.257869,-2.087211,135.346933,-0.19194,0.756097,-0.064104,-1.413324,0.068046,0.921574,-1.055822
416,-0.688588,-0.03386,0.123194,2.256165,-2.085991,135.345377,-0.19194,0.756121,-0.064092,-1.413312,0.068034,0.921598,-1.055834
417,-0.688584,-0.03385,0.123157,2.253958,-2.085638,135.345391,-0.19194,0.756168,-0.06408,-1.413324,0.068046,0.921574,-1.055834
418,-0.688585,-0.033846,0.123143,2.252562,-2.085171,135.344705,-0.191952,0.756192,-0.064056,-1.413312,0.068034,0.921586,-1.055834
419,-0.688582,-0.033845,0.123127,2.251452,-2.084369,135.344059,-0.191952,0.756216,-0.064056,-1.413312,0.068034,0.921586,-1.055846
420,-0.68859,-0.033809,0.123105,2.24922,-2.085177,135.342797,-0.19194,0.756252,-0.064008,-1.4133,0.068034,0.921586,-1.055822
421,-0.688583,-0.033788,0.123073,2.246445,-2.084303,135.340358,-0.19194,0.756288,-0.063972,-1.413312,0.068022,0.921586,-1.055834
422,-0.688596,-0.033787,0.123092,2.248138,-2.085541,135.341121,-0.191928,0.756276,-0.063984,-1.413288,0.068034,0.921586,-1.055822
423,-0.688601,-0.033767,0.123082,2.246847,-2.08624,135.337612,-0.191928,0.756288,-0.063948,-1.413288,0.068034,0.921586,-1.055858
424,-0.688604,-0.033792,0.123079,2.247678,-2.086216,135.340805,-0.191952,0.7563,-0.06396,-1.413276,0.068034,0.921574,-1.055834
425,-0.688603,-0.033782,0.123079,2.247969,-2.0858,135.339234,-0.191928,0.7563,-0.063972,-1.413276,0.068034,0.921574,-1.055846
426,-0.688593,-0.033788,0.123083,2.246731,-2.085178,135.340665,-0.19194,0.756288,-0.063972,-1.413288,0.068034,0.921598,-1.055834
427,-0.6886,-0.033789,0.123091,2.24847,-2.086268,135.341304,-0.19194,0.756276,-0.063972,-1.413288,0.068034,0.921574,-1.055822
428,-0.688584,-0.033786,0.123074,2.246136,-2.084822,135.341441,-0.19194,0.756288,-0.063972,-1.413312,0.068034,0.921586,-1.055822
429,-0.688591,-0.033803,0.123084,2.246997,-2.084789,135.341841,-0.191952,0.756288,-0.063984,-1.413288,0.068034,0.921598,-1.055834
430,-0.68858,-0.033785,0.123066,2.244996,-2.08407,135.340788,-0.19194,0.7563,-0.063972,-1.413312,0.068034,0.921598,-1.055834
431,-0.688599,-0.033806,0.12308,2.247346,-2.085489,135.341994,-0.191964,0.7563,-0.063972,-1.413276,0.068034,0.921586,-1.055834
432,-0.688601,-0.033803,0.123089,2.247896,-2.085979,135.342173,-0.191952,0.756288,-0.063984,-1.413276,0.068046,0.921586,-1.055834
433,-0.688603,-0.033814,0.123105,2.249339,-2.086235,135.341735,-0.191964,0.756264,-0.063984,-1.413276,0.068034,0.921586,-1.055846
434,-0.688613,-0.033823,0.123106,2.250754,-2.086571,135.343503,-0.191964,0.756276,-0.063996,-1.413252,0.068034,0.921574,-1.055822
435,-0.688607,-0.033863,0.123118,2.251596,-2.086569,135.346063,-0.192011,0.756252,-0.064008,-1.413264,0.068034,0.921574,-1.055834
436,-0.688618,-0.033928,0.123153,2.25385,-2.088217,135.351604,-0.192095,0.756216,-0.06402,-1.41324,0.068046,0.921586,-1.055834
437,-0.68867,-0.034025,0.123245,2.262779,-2.093318,135.357518,-0.192215,0.756133,-0.06402,-1.413144,0.068034,0.921586,-1.055834
438,-0.688792,-0.034115,0.123408,2.279237,-2.103281,135.36161,-0.192299,0.756025,-0.064032,-1.412904,0.068034,0.921598,-1.055834
439,-0.688928,-0.034198,0.123621,2.301691,-2.115416,135.364256,-0.192335,0.755845,-0.06408,-1.412665,0.068034,0.921574,-1.055834
440,-0.689054,-0.03424,0.12384,2.320655,-2.127808,135.364367,-0.192359,0.755641,-0.06408,-1.412449,0.068034,0.921598,-1.055834
441,-0.689162,-0.0343,0.124089,2.340903,-2.139553,135.366008,-0.192383,0.755378,-0.064116,-1.412269,0.068034,0.921634,-1.055834
442,-0.689339,-0.034352,0.1244,2.369446,-2.158687,135.365364,-0.192407,0.755066,-0.064116,-1.412006,0.068046,0.92161,-1.055846
443,-0.689639,-0.034391,0.124837,2.41099,-2.185372,135.360844,-0.192383,0.754718,-0.064104,-1.411466,0.068034,0.921634,-1.055834
444,-0.689946,-0.034474,0.125314,2.455019,-2.213448,135.360499,-0.192395,0.754323,-0.064128,-1.410915,0.068046,0.92167,-1.055822
445,-0.690239,-0.034514,0.125818,2.490733,-2.237874,135.355483,-0.192383,0.753927,-0.064116,-1.410292,0.068046,0.921934,-1.055834
446,-0.690458,-0.034566,0.126251,2.526855,-2.261658,135.354538,-0.192395,0.753484,-0.064116,-1.409944,0.068046,0.92197,-1.055822
447,-0.690579,-0.034597,0.126665,2.556108,-2.280945,135.353544,-0.192395,0.752945,-0.064128,-1.409824,0.068046,0.922018,-1.055822
448,-0.690682,-0.034616,0.12705,2.581015,-2.298083,135.352217,-0.192395,0.752441,-0.064128,-1.409717,0.068046,0.922102,-1.055822
449,-0.690731,-0.034621,0.127434,2.599,-2.310795,135.351078,-0.192383,0.751902,-0.06414,-1.409681,0.068046,0.922293,-1.055822
450,-0.690847,-0.034624,0.127937,2.622033,-2.32847,135.348573,-0.192359,0.751291,-0.064152,-1.409465,0.06807,0.922617,-1.055834
451,-0.690948,-0.034638,0.128464,2.631314,-2.341022,135.350075,-0.192383,0.750728,-0.064152,-1.409105,0.06813,0.923288,-1.055834
452,-0.691247,-0.034608,0.129257,2.658342,-2.381813,135.357648,-0.192371,0.749961,-0.064152,-1.408482,0.06849,0.923911,-1.055834
453,-0.691765,-0.034535,0.130007,2.698238,-2.459399,135.38363,-0.192371,0.749385,-0.064152,-1.407751,0.0694,0.923935,-1.055822
454,-0.692359,-0.034227,0.130884,2.703108,-2.589418,135.453305,-0.192359,0.748714,-0.064188,-1.407188,0.071653,0.923959,-1.055834
455,-0.693069,-0.033613,0.131845,2.64925,-2.794501,135.596115,-0.192383,0.748091,-0.064296,-1.406816,0.075944,0.923971,-1.055834
456,-0.693767,-0.03269,0.132803,2.536534,-3.047472,135.789174,-0.192371,0.747504,-0.064427,-1.406769,0.081744,0.924079,-1.055834
457,-0.694332,-0.031685,0.133776,2.377028,-3.294406,135.999834,-0.192359,0.746953,-0.064619,-1.406745,0.087964,0.92487,-1.055834
458,-0.694571,-0.030703,0.134628,2.158951,-3.490177,136.207997,-0.192395,0.746545,-0.064847,-1.406733,0.093896,0.926823,-1.055822
459,-0.69436,-0.029682,0.135357,1.869877,-3.610114,136.393392,-0.192395,0.746234,-0.065051,-1.406733,0.099169,0.930395,-1.05581
460,-0.693873,-0.02879,0.135921,1.570545,-3.664702,136.54185,-0.192395,0.746018,-0.065242,-1.406745,0.103364,0.934589,-1.055822
461,-0.693182,-0.028043,0.136381,1.282232,-3.658813,136.644087,-0.192395,0.745802,-0.06535,-1.406721,0.106276,0.939191,-1.055834
462,-0.692548,-0.027437,0.136696,1.049123,-3.63627,136.711238,-0.192395,0.745634,-0.065338,-1.406745,0.108229,0.943014,-1.05581
463,-0.692091,-0.026812,0.137082,0.834401,-3.644292,136.788062,-0.192395,0.745443,-0.065338,-1.406721,0.110554,0.946358,-1.055822
464,-0.691622,-0.026279,0.137531,0.644154,-3.639529,136.847186,-0.192395,0.745095,-0.065326,-1.406685,0.112364,0.949617,-1.055822
465,-0.69149,-0.025938,0.138092,0.547183,-3.66762,136.893882,-0.192407,0.744556,-0.065326,-1.406577,0.11379,0.951451,-1.05581
466,-0.691582,-0.02554,0.138968,0.478707,-3.741236,136.951476,-0.192383,0.743657,-0.065338,-1.406409,0.115708,0.952865,-1.055834
467,-0.691705,-0.025548,0.139317,0.500238,-3.763707,136.955465,-0.192395,0.743238,-0.065338,-1.406277,0.115827,0.952889,-1.05581
468,-0.691975,-0.025635,0.140042,0.558769,-3.803554,136.953211,-0.192419,0.742363,-0.065362,-1.405942,0.115827,0.952865,-1.05581
469,-0.69223,-0.025702,0.140883,0.621839,-3.847721,136.949559,-0.192431,0.741272,-0.065374,-1.40569,0.115827,0.952865,-1.05581
470,-0.692454,-0.025803,0.141792,0.688143,-3.892127,136.947653,-0.192467,0.740038,-0.065422,-1.405522,0.115815,0.952877,-1.055822
471,-0.692609,-0.025965,0.142787,0.758467,-3.935752,136.95379,-0.192515,0.738588,-0.06559,-1.405534,0.115827,0.952877,-1.05581
472,-0.692742,-0.02623,0.143822,0.834625,-3.974836,136.964559,-0.192575,0.73709,-0.065913,-1.405534,0.115815,0.952901,-1.055822
473,-0.692843,-0.026602,0.144911,0.918593,-4.008924,136.983763,-0.192599,0.73552,-0.066465,-1.405546,0.115803,0.952925,-1.05581
474,-0.692875,-0.027122,0.146046,1.004984,-4.031877,137.013457,-0.192587,0.733902,-0.06734,-1.405558,0.115815,0.953081,-1.055822
475,-0.692852,-0.027704,0.147172,1.084787,-4.046323,137.049567,-0.192599,0.732308,-0.06831,-1.405558,0.115815,0.953405,-1.05581
476,-0.692603,-0.02834,0.148438,1.128844,-4.033638,137.09281,-0.192623,0.730534,-0.069473,-1.405546,0.115815,0.954711,-1.055822
477,-0.692228,-0.028907,0.149671,1.143133,-4.004897,137.134788,-0.192635,0.728809,-0.070599,-1.405534,0.115803,0.956556,-1.055822
478,-0.691706,-0.02936,0.151002,1.119572,-3.964652,137.174284,-0.192707,0.726927,-0.071558,-1.405546,0.115815,0.959193,-1.055822
479,-0.691032,-0.029679,0.152375,1.057371,-3.905497,137.20695,-0.192731,0.72501,-0.072433,-1.40551,0.115803,0.962656,-1.055822
480,-0.690345,-0.029839,0.153655,0.980792,-3.848554,137.231533,-0.192742,0.723176,-0.073068,-1.405546,0.115803,0.966144,-1.055798
